slug,volatile,timestamps,data_points
next-french-prime-minister-appointed-by-october-10-923,True,[1759957811, 1760130605]
elon-musk-of-tweets-october-3-october-10-280-299,True,[1760103015, 1760110811]
israel-x-hamas-ceasefire-by-october-17,True,[1759959603, 1759965603]
israel-x-hamas-ceasefire-by-october-10,True,[1759961407, 1759968605]
will-israel-raid-gaza-aid-flotilla-on-october-1-et,True,[1759291803, 1759344604]
elon-musk-of-tweets-september-30-october-7-300-319,True,[1759846204, 1759851603]
james-comey-arrested-by-september-30,False,[1758848406]
elon-musk-of-tweets-september-26-october-3-240-259,True,[1759504204, 1759504803]
will-israel-raid-gaza-aid-flotilla-by-october-3,True,[1759233610, 1759344608]
elon-musk-of-tweets-september-23-september-30-120-139,True,[1759215006, 1759246203]
will-trump-designate-antifa-a-terrorist-organization-by-september-30,True,[1758579603, 1758581405]
jimmy-kimmel-hosts-an-episode-of-jimmy-kimmel-live-by-september-30,True,[1758570015, 1758572407]
will-trump-say-ai-or-artificial-intelligence-during-events-with-uk-prime-minister-on-september-18,True,[1758198615, 1758199206]
will-trump-say-hottest-during-events-with-uk-prime-minister-on-september-18,True,[1758198624, 1758199211]
israel-strike-on-yemen-by-september-30-328,True,[1758212414, 1758806409]
